#{"t_start": 1786597425.619332, "env_id": "None"}
r,l,t
-110.25,200,0.841509
-53.25,200,0.929509
-82.75,200,1.005019
-129.0,200,1.080021
-77.25,200,1.15402
-117.5,200,1.239527
-76.5,200,1.314528
-68.75,200,1.390527
-104.5,200,1.465529
-48.0,200,1.540526
-68.0,200,2.447547
-62.0,200,2.530548
-53.75,200,2.609547
-82.25,155,2.668548
-38.0,200,2.743548
-47.75,200,2.819547
-70.25,200,2.895547
-35.5,200,2.970547
-54.5,109,3.012547
-18.75,200,3.089549
-55.0,200,3.165547
-31.75,200,3.80357
-11.25,200,3.88657
-12.75,200,3.966572
-25.25,200,4.042572
-19.0,200,4.118571
-70.0,200,4.194571
-25.0,200,4.273846
-50.25,200,4.349847
-68.5,200,4.425848
-16.75,200,4.501847
-50.0,173,5.169372
-31.0,200,5.247882
15.0,200,5.324881
-11.75,200,5.400881
-24.5,200,5.477881
-9.0,200,5.553881
-9.25,200,5.629881
2.75,200,5.704881
-7.75,200,5.780881
-22.75,150,5.836882
14.0,200,5.912388
13.75,200,6.584903
-23.25,200,6.669899
-5.5,200,6.749899
-11.5,200,6.8259
-27.25,92,6.860901
14.5,165,6.922899
21.0,200,6.9999
14.25,200,7.074903
-0.5,200,7.151409
54.75,200,7.227412
3.25,96,7.263795
62.0,200,7.932796
3.5,71,7.965794
54.5,200,8.051794
16.25,200,8.129795
22.5,200,8.206793
50.5,200,8.282306
26.75,137,8.334818
24.25,200,8.409818
40.25,136,8.460821
23.5,200,8.53582
25.0,200,8.611818
23.0,200,8.686818
82.25,200,9.340325
55.75,179,9.416325
78.0,200,9.497328
53.0,152,9.556839
58.25,198,9.632838
85.0,176,9.69784
72.5,163,9.759838
67.5,151,9.817838
44.0,141,9.871838
34.5,136,9.922838
95.75,200,9.999713
50.5,153,10.057712
104.0,200,10.707222
32.0,174,10.778732
65.75,200,10.862736
58.0,111,10.905737
88.0,186,10.975735
70.25,163,11.037732
54.25,120,11.082731
81.5,153,11.140731
78.75,145,11.194732
84.25,146,11.25124
63.75,127,11.298242
80.25,188,11.36924
40.75,130,11.419242
58.75,115,12.043749
81.75,181,12.124748
66.5,143,12.189746
55.0,159,12.251838
77.5,170,12.315839
42.25,138,12.36984
105.75,200,12.445838
31.5,106,12.486839
120.5,200,12.562841
65.0,154,12.620839
107.25,200,12.697839
55.75,123,12.743841
89.5,123,12.789839
28.0,120,13.427853
65.0,112,13.480853
22.75,113,13.534853
40.75,92,13.579853
75.75,190,13.665856
112.0,200,13.752857
106.25,200,13.836857
50.75,122,13.899855
95.0,180,13.979854
77.25,144,14.042856
69.75,117,14.095854
70.5,144,14.159853
102.75,173,14.236365
133.0,200,15.033835
82.5,156,15.108837
45.25,129,15.162833
113.5,200,15.259346
120.0,200,15.351346
104.0,200,15.439345
72.5,134,15.501345
88.5,200,15.592347
93.25,200,15.679857
139.75,200,15.768857
112.75,200,15.860858
77.25,166,15.932857
104.75,200,16.722371
97.0,200,16.812371
74.5,149,16.883888
71.5,154,16.949885
102.0,200,17.038885
92.0,168,17.111885
109.25,200,17.199885
99.25,162,17.270396
125.25,200,17.357395
116.0,200,17.443396
103.5,200,17.530396
128.0,200,18.331421
79.75,107,18.388422
94.75,200,18.487424
82.75,162,18.558422
90.0,200,18.647423
159.75,200,18.734421
134.25,200,18.821422
99.75,200,18.909422
91.75,154,18.978423
108.75,200,19.064422
50.25,133,19.122422
59.0,145,19.187434
134.75,195,19.975442
100.0,200,20.073442
137.5,200,20.161441
115.0,200,20.247951
140.75,200,20.335951
140.75,200,20.422951
120.25,200,20.510955
122.5,200,20.597464
139.5,200,20.684462
46.5,97,20.728461
130.0,200,21.515968
133.25,200,21.615967
150.25,200,21.715969
128.25,200,21.803477
115.0,200,21.890479
146.5,200,21.980478
74.0,200,22.069479
142.25,200,22.156477
118.75,200,22.243991
97.75,200,22.33199
119.75,200,22.418994
70.0,200,23.212502
109.5,200,23.312013
105.0,200,23.402012
110.75,200,23.493012
86.75,200,23.580012
156.75,200,23.666024
107.5,200,23.759012
134.25,200,23.847012
145.75,200,23.933013
103.0,151,23.998012
105.5,200,24.799596
129.75,200,24.900594
86.75,200,24.994594
123.75,200,25.084595
129.25,200,25.171595
149.0,200,25.259106
124.75,200,25.346108
111.0,200,25.432616
113.5,200,25.522615
106.75,164,25.596617
112.0,200,26.37213
123.75,200,26.454131
134.5,200,26.552129
92.25,200,26.639637
141.5,200,26.72664
91.0,200,26.820637
117.25,200,26.910637
133.25,200,26.997637
101.0,200,27.084638
158.0,200,27.170637
121.75,200,27.257163
124.0,200,28.047259
142.5,200,28.143261
121.25,200,28.235769
151.0,200,28.32577
67.25,200,28.414772
153.25,200,28.503771
149.25,200,28.591769
91.0,200,28.677778
122.5,200,28.764769
100.0,177,28.84277
126.75,200,29.622788
148.75,200,29.723788
133.75,200,29.820788
137.75,200,29.908791
132.0,200,29.997788
137.25,200,30.085788
120.5,200,30.173789
138.75,200,30.261304
79.5,200,30.348819
138.75,200,30.438817
127.0,200,31.228819
86.75,166,31.317327
123.75,163,31.404329
128.0,200,31.49133
179.5,200,31.582836
130.75,200,31.669838
149.5,200,31.756836
140.5,200,31.844836
101.0,135,31.902837
67.5,109,31.950836
125.0,200,32.036839
128.5,200,32.123837
108.25,200,32.930856
100.25,200,33.030856
162.0,200,33.119854
142.0,200,33.209855
152.75,200,33.296365
131.5,200,33.383366
136.0,200,33.470364
110.25,200,33.556367
96.0,200,33.643367
151.5,200,33.730364
113.25,200,34.531391
118.0,200,34.630902
104.75,200,34.722408
116.75,200,34.811408
85.25,200,34.899407
90.75,200,34.986408
114.0,200,35.073408
128.0,200,35.159922
126.75,200,35.248434
149.75,200,35.334432
143.5,200,36.113434
166.0,200,36.212431
117.5,200,36.30594
124.75,173,36.380445
181.5,200,36.468447
117.5,200,36.55845
164.5,200,36.652447
130.5,200,36.741447
87.5,200,36.828448
139.0,200,36.914448
153.5,200,37.003448
133.75,162,37.786468
119.5,200,37.885467
144.75,200,37.973468
135.75,200,38.070467
148.0,200,38.156467
124.0,200,38.243979
128.0,200,38.330978
131.5,200,38.416976
181.25,200,38.507978
161.0,200,38.593976
102.25,116,39.342994
143.0,200,39.441994
157.0,200,39.541996
139.75,200,39.629995
112.25,181,39.709994
121.5,200,39.797996
115.25,200,39.884997
139.75,200,39.974994
133.75,200,40.060506
145.5,196,40.144506
165.25,200,40.235018
145.25,200,41.025019
172.25,200,41.12602
119.0,200,41.218021
184.0,200,41.305801
157.0,200,41.395801
147.25,200,41.483801
146.25,200,41.571802
139.25,200,41.659808
147.75,200,41.7468
147.75,200,41.8348
142.5,200,42.630821
153.25,200,42.731822
147.75,200,42.824823
149.5,200,42.914822
115.25,200,43.002823
180.75,200,43.088822
165.0,200,43.175822
177.75,200,43.264859
168.0,200,43.350861
173.25,200,43.438859
172.5,200,44.262884
174.0,200,44.354883
168.0,200,44.452884
182.25,200,44.537884
173.75,200,44.6269
179.25,200,44.713904
168.5,200,44.799903
173.25,200,44.887905
122.75,200,44.974416
174.5,200,45.063416
158.75,194,45.873925
138.5,200,45.973925
168.5,187,46.066925
117.25,159,46.137439
153.75,194,46.227442
190.5,200,46.31895
82.0,114,46.370951
208.75,200,46.460952
162.25,200,46.551951
152.0,200,46.644949
202.75,200,46.733949
102.25,141,46.794955
166.5,200,47.534963
190.0,200,47.641963
195.25,200,47.731963
160.75,200,47.815964
146.25,200,47.900966
177.5,200,47.985964
192.75,200,48.074965
173.75,200,48.165964
160.75,200,48.258475
115.0,173,48.332477
153.75,200,49.086984
175.5,200,49.186985
196.75,200,49.281501
164.5,200,49.366501
143.25,200,49.451501
185.75,200,49.537501
149.5,200,49.621501
180.25,200,49.703502
175.0,200,49.787008
164.5,200,49.87101
163.25,200,50.596061
161.75,200,50.69606
141.5,200,50.79506
170.5,200,50.87906
163.5,200,50.966063
171.75,200,51.053571
202.75,200,51.136571
187.5,200,51.222574
171.75,200,51.306082
195.75,200,51.390083
161.75,200,51.473085
209.0,200,52.270098
176.75,200,52.369099
180.5,200,52.456099
179.25,200,52.540098
186.25,200,52.624099
178.0,200,52.708098
180.0,200,52.7921
167.5,200,52.875099
212.0,200,52.958097
190.5,200,53.044098
214.5,200,53.837126
188.0,200,53.937124
161.0,200,54.032126
169.5,200,54.124126
180.25,200,54.208124
138.5,200,54.291637
182.75,200,54.374634
173.75,200,54.460635
173.0,200,54.553637
189.0,200,54.637653
186.5,200,55.432671
167.25,200,55.532671
173.0,200,55.624671
219.75,200,55.708671
176.25,200,55.792671
72.5,101,55.834674
186.75,200,55.923183
181.0,200,56.007184
199.25,200,56.092183
166.5,195,56.173183
158.5,200,56.256695
224.0,200,57.025694
176.5,200,57.130202
195.0,200,57.222205
164.5,200,57.306717
212.0,200,57.389715
190.0,200,57.474717
191.0,200,57.561716
183.25,200,57.644715
162.75,200,57.727717
189.0,200,57.811719
193.0,200,58.590736
186.0,200,58.688738
194.25,200,58.783736
187.75,200,58.867736
191.25,200,58.953737
178.5,200,59.037735
128.25,150,59.100736
188.0,200,59.183736
161.5,200,59.267244
200.25,200,59.351247
198.0,200,59.434244
187.25,200,60.17976
187.0,200,60.279275
202.25,200,60.363273
186.25,200,60.447275
186.5,200,60.539274
181.5,200,60.623273
194.25,200,60.706276
180.5,200,60.789781
210.25,200,60.872782
210.75,200,60.958781
162.25,200,61.748293
155.25,200,61.849292
175.5,200,61.938804
174.75,200,62.025802
177.5,200,62.108802
174.5,200,62.193802
192.5,200,62.276315
169.75,200,62.359315
184.25,200,62.443315
178.0,200,62.529316
185.0,200,63.291338
190.75,200,63.375338
185.5,200,63.473337
195.25,200,63.555337
199.25,200,63.639339
163.0,200,63.723337
199.5,200,63.80734
194.25,200,63.896338
194.25,200,63.985338
171.75,200,64.070337
168.5,200,64.855367
188.25,200,64.955369
180.25,200,65.052368
199.0,200,65.136369
184.0,200,65.218371
190.5,200,65.303882
199.5,200,65.38688
168.5,177,65.460879
185.25,200,65.54488
190.0,200,65.635392
157.0,200,65.718391
206.75,200,66.469898
185.25,200,66.557899
202.75,200,66.6479
207.5,200,66.731899
197.0,200,66.816409
193.75,200,66.899409
169.0,200,66.98441
200.25,200,67.06741
160.25,200,67.150409
182.75,200,67.233919
184.75,200,68.031432
200.25,200,68.133431
186.75,200,68.232439
194.75,200,68.319949
208.25,200,68.41995
162.75,200,68.50395
209.75,200,68.58795
176.25,200,68.67095
192.0,200,68.755949
183.25,200,68.84095
181.25,200,69.593965
190.25,200,69.688966
167.0,200,69.774966
160.25,200,69.863966
168.0,200,69.953966
182.5,200,70.043965
187.0,200,70.127964
167.5,200,70.212965
177.75,200,70.298476
191.0,200,70.386477
185.0,200,71.151998
216.0,200,71.244507
189.0,200,71.331507
188.5,200,71.410511
203.25,200,71.486511
185.0,200,71.56451
187.25,200,71.641511
204.75,200,71.718028
169.0,200,71.795028
218.25,200,71.872031
195.25,200,71.949031
185.0,200,72.632541
202.5,200,72.713542
187.5,200,72.792543
197.0,200,72.870543
179.5,200,72.948058
206.0,200,73.029058
204.25,200,73.106058
93.75,117,73.151058
193.0,200,73.229064
211.25,200,73.305572
220.5,200,73.96757
200.25,200,74.05057
195.25,200,74.134079
220.0,200,74.212081
182.0,200,74.288596
171.75,200,74.364596
200.25,200,74.442595
194.75,200,74.520596
197.0,200,74.5976
185.75,200,74.674619
186.5,200,74.75062
174.5,200,75.479635
202.5,200,75.580634
171.0,200,75.674637
223.25,200,75.772636
189.5,200,75.866636
205.25,200,75.957636
183.5,200,76.046636
201.75,200,76.139637
205.25,200,76.23064
188.75,200,76.318146
201.5,200,77.096661
185.0,200,77.192661
201.75,200,77.286173
183.75,200,77.376173
170.0,200,77.46462
182.5,200,77.555705
197.75,200,77.645785
203.75,200,77.73753
191.75,200,77.83336
186.75,200,77.929163
178.5,200,78.735898
191.0,200,78.840335
195.25,200,78.935851
190.75,200,79.029598
220.5,200,79.117328
180.25,200,79.206481
171.0,200,79.29674
196.5,200,79.383798
181.5,200,79.470359
185.25,200,79.562447
205.75,200,80.352098
159.5,200,80.459323
192.5,200,80.557894
217.75,200,80.651812
210.0,200,80.74382
170.5,200,80.83243
215.25,200,80.924738
200.25,200,81.011338
204.0,200,81.097614
172.25,200,81.185345
197.25,200,81.998755
187.0,200,82.107735
193.25,200,82.21222
74.5,91,82.252316
189.5,200,82.33901
181.0,200,82.431241
197.5,200,82.518982
204.75,200,82.632221
171.75,200,82.72452
198.5,200,82.811872
188.5,200,82.898439
206.75,200,83.691782
204.5,200,83.792939
193.0,200,83.893014
186.0,200,83.98232
179.75,200,84.071821
180.25,200,84.158472
201.25,200,84.250592
204.5,200,84.336784
204.0,200,84.427381
169.5,200,84.514142
61.5,77,84.547664
186.75,200,85.366227
196.25,200,85.466499
193.75,200,85.562697
190.75,200,85.649785
184.75,200,85.74166
198.25,200,85.827896
186.5,200,85.91861
178.75,200,86.00568
187.5,200,86.092401
178.5,200,86.179594
173.5,200,86.974144
172.0,200,87.073741
188.75,200,87.171808
201.25,200,87.26161
184.5,200,87.355099
204.25,200,87.440791
215.25,200,87.529032
172.5,200,87.615978
197.25,200,87.707592
179.75,200,87.793911
195.0,200,87.879096
196.25,200,88.67875
178.5,200,88.775882
184.5,200,88.86144
208.75,200,88.951004
182.0,200,89.040581
179.5,200,89.128493
195.25,200,89.219784
216.25,200,89.308372
192.5,200,89.395183
213.25,200,89.485499
209.25,200,90.266698
218.5,200,90.36707
113.5,104,90.4187
205.25,200,90.50544
175.75,200,90.593458
191.5,200,90.681784
188.25,200,90.768776
201.5,200,90.856012
196.0,200,90.943094
198.0,200,91.030528
191.0,200,91.117601
200.0,200,91.911341
191.5,200,92.011342
201.25,200,92.100863
182.0,200,92.193141
193.5,200,92.280622
174.5,200,92.367634
193.25,200,92.455014
202.25,200,92.54343
171.75,200,92.63049
182.25,200,92.716318
212.5,200,93.479285
195.75,200,93.577453
184.75,196,93.667634
175.25,200,93.753702
189.75,200,93.84241
207.0,200,93.928648
207.0,200,94.017394
203.25,200,94.135834
194.0,200,94.267537
199.5,200,94.402217
217.25,200,95.220763
188.0,200,95.321843
200.25,200,95.41391
200.0,200,95.504544
183.5,200,95.592186
171.75,200,95.678751
211.0,200,95.765514
191.5,200,95.853158
185.5,200,95.941816
195.25,200,96.029378
191.5,200,96.806077
179.25,200,96.906244
209.0,200,97.005817
188.5,200,97.092948
202.5,200,97.179705
193.75,200,97.268002
199.0,200,97.355544
205.0,200,97.44158
202.25,200,97.529141
186.75,200,97.615947
186.5,200,97.703011
212.5,200,98.45405
187.25,200,98.558982
186.75,200,98.647008
194.0,200,98.737515
195.25,200,98.825374
176.75,200,98.913439
163.0,200,99.000419
207.75,200,99.086274
191.75,200,99.172688
206.5,200,99.260343
180.0,200,100.034776
196.0,200,100.133866
176.0,200,100.227288
185.75,200,100.315615
187.75,200,100.403228
200.25,200,100.490328
181.25,200,100.576861
180.25,200,100.664681
204.25,200,100.749237
182.0,200,100.836779
209.25,200,101.620305
181.0,200,101.714876
180.75,200,101.798926
186.25,200,101.886777
207.75,200,101.974846
171.5,200,102.061261
195.0,200,102.148548
207.75,200,102.236397
196.75,200,102.327476
193.0,200,102.413812
208.25,200,103.202541
189.75,200,103.301769
209.75,200,103.402945
193.75,200,103.489543
200.75,200,103.578787
207.0,200,103.666369
187.75,200,103.752475
209.25,200,103.83853
155.75,200,103.925174
198.0,200,104.012742
170.0,200,104.808816
186.0,200,104.908937
202.5,200,105.007508
201.25,200,105.094683
189.75,200,105.18432
170.0,200,105.270461
198.0,200,105.361175
217.75,200,105.448367
217.25,200,105.534277
180.0,200,105.621899
212.0,200,105.708123
205.5,200,106.498508
194.25,200,106.597401
198.75,200,106.687711
187.0,200,106.775483
187.25,200,106.862654
187.5,200,106.948345
190.0,200,107.035168
193.25,200,107.121396
203.75,200,107.209548
182.0,200,107.296527
200.75,200,108.075213
185.75,200,108.174799
187.75,200,108.270391
176.25,200,108.357646
157.0,200,108.454379
195.5,200,108.54178
209.5,200,108.627074
217.75,200,108.713686
222.0,200,108.800721
190.0,200,108.887341
183.75,200,109.677199
190.75,200,109.776775
205.25,200,109.872383
172.75,200,109.959507
198.0,200,110.04833
190.0,200,110.134406
199.75,200,110.222035
182.0,200,110.307964
195.25,200,110.393527
189.0,200,110.481997
193.25,200,111.285009
195.5,200,111.38141
210.25,200,111.480985
173.75,200,111.569078
211.25,200,111.658768
206.5,200,111.745229
210.0,200,111.830601
193.5,200,111.917965
173.25,200,112.005523
197.5,200,112.092477
202.75,200,112.177646
198.75,200,113.002969
217.0,200,113.102046
196.0,200,113.192123
206.0,200,113.285009
182.5,200,113.372084
193.0,200,113.458229
188.75,200,113.545289
197.75,200,113.631017
209.5,200,113.717609
209.75,200,113.803087
224.75,200,114.542848
211.0,200,114.642934
201.25,200,114.735536
198.0,200,114.822158
201.25,200,114.911378
217.75,200,114.998127
190.0,200,115.084734
203.0,200,115.17239
179.5,200,115.259489
199.25,200,115.34605
185.0,200,116.134239
181.0,200,116.235008
201.0,200,116.331069
207.25,200,116.417698
193.0,200,116.505983
184.0,200,116.602862
205.0,200,116.689451
200.25,200,116.775802
234.75,200,116.862497
198.5,200,116.948968
199.75,200,117.733303
202.25,200,117.830369
184.25,200,117.928537
209.75,200,118.014513
182.0,200,118.104756
191.5,200,118.191485
169.5,200,118.278247
215.75,200,118.364834
174.0,200,118.450905
188.25,200,118.537975
201.75,200,118.629567
186.25,200,119.427724
207.75,200,119.5293
201.5,200,119.624532
200.75,200,119.715611
195.0,200,119.800425
200.25,200,119.888439
190.75,200,119.974859
189.0,200,120.061546
186.5,200,120.147761
183.0,200,120.234835
196.75,200,121.033908
174.0,200,121.132481
204.25,200,121.218422
194.25,200,121.306489
214.25,200,121.393145
187.5,200,121.480527
191.5,200,121.56846
210.0,200,121.659116
191.0,200,121.743623
202.75,200,121.831858
216.25,200,122.618937
189.5,200,122.715309
199.0,200,122.811965
175.0,200,122.899356
212.75,200,122.98828
206.25,200,123.075896
176.25,200,123.16155
207.75,200,123.248171
223.25,200,123.334902
184.75,200,123.42097
176.25,200,124.214722
200.75,200,124.315801
169.0,200,124.414378
173.5,200,124.500443
178.0,200,124.590295
192.25,200,124.676874
203.5,200,124.763585
197.0,200,124.849651
202.25,200,124.938006
196.5,200,125.023841
190.0,200,125.108894
152.25,200,125.86785
202.75,200,125.967627
183.5,200,126.056149
200.25,200,126.141793
177.0,200,126.230626
180.25,200,126.317273
192.0,200,126.404351
208.75,200,126.490691
184.25,200,126.579009
189.75,200,126.66696
197.5,200,127.460406
184.5,200,127.560552
198.25,200,127.652076
210.25,200,127.744202
200.0,200,127.831277
187.75,200,127.919378
195.0,200,128.006654
209.0,200,128.09213
200.5,200,128.178936
188.25,200,128.267118
212.75,200,129.060681
205.0,200,129.161325
200.0,200,129.25473
198.25,200,129.341324
198.5,200,129.43028
196.5,200,129.516571
196.25,200,129.603467
166.0,200,129.69112
185.0,200,129.776439
171.25,200,129.863986
182.0,200,130.614375
171.5,200,130.715108
181.5,200,130.809173
194.75,200,130.896196
209.75,200,130.984368
195.25,200,131.071814
190.75,200,131.156946
191.0,200,131.243954
195.75,200,131.330689
195.5,200,131.418266
202.25,200,131.505333
207.0,200,132.287176
180.5,200,132.385757
186.5,200,132.472441
212.75,200,132.560717
200.0,200,132.647781
203.0,200,132.73615
186.5,200,132.822663
209.5,200,132.909224
183.0,200,132.996138
186.0,200,133.083521
161.75,200,133.850615
199.5,200,133.950687
183.75,200,134.041923
182.75,200,134.128217
172.0,200,134.216351
206.5,200,134.303488
201.0,200,134.390541
215.75,200,134.477119
192.0,200,134.56477
169.0,200,134.652045
200.5,200,135.452466
180.0,200,135.552008
183.75,200,135.645622
183.75,200,135.736064
203.0,200,135.824186
202.75,200,135.917661
200.75,200,136.005619
183.75,200,136.092044
187.0,200,136.178605
216.75,200,136.267099
190.25,200,137.047577
207.5,200,137.146869
198.25,200,137.241666
180.5,200,137.328743
200.25,200,137.418565
181.75,200,137.505864
207.25,200,137.591825
210.0,200,137.679066
187.5,200,137.765148
202.25,200,137.852551
196.0,200,137.940469
202.5,200,138.728914
189.0,200,138.830507
171.75,200,138.918527
198.75,200,139.022244
209.5,200,139.109298
197.5,200,139.196103
200.0,200,139.283457
196.5,200,139.37059
187.75,200,139.456513
197.75,200,139.542947
189.75,200,140.34608
201.25,200,140.445652
197.0,200,140.536259
191.5,200,140.625217
205.5,200,140.710435
178.25,200,140.798599
212.25,200,140.886514
183.75,200,140.97327
181.5,200,141.060993
200.25,200,141.147161
199.25,200,141.93884
207.75,200,142.027942
208.0,200,142.11651
188.25,200,142.202437
188.0,200,142.290507
183.25,200,142.377905
209.25,200,142.465204
189.0,200,142.55377
207.0,200,142.640369
188.5,200,142.726825
205.0,200,143.536012
203.75,200,143.634086
201.75,200,143.731634
177.25,200,143.818398
209.5,200,143.905929
182.5,200,143.992838
211.25,200,144.078468
181.25,200,144.164363
183.0,200,144.250789
169.0,200,144.337059
165.0,200,145.122418
187.75,200,145.22299
193.25,200,145.320621
213.25,200,145.407921
188.5,200,145.495894
202.75,200,145.582338
197.0,200,145.669333
188.0,200,145.756098
205.0,200,145.843679
195.0,200,145.928935
200.75,200,146.017007
179.75,200,146.81775
191.75,200,146.917615
180.0,200,147.007307
198.75,200,147.101207
209.25,200,147.187925
199.0,200,147.274992
211.75,200,147.362159
203.75,200,147.44872
196.0,200,147.53533
190.0,200,147.621901
167.5,200,148.403211
178.25,200,148.503291
213.25,200,148.599317
210.75,200,148.686948
222.5,200,148.776746
219.5,200,148.864189
199.75,200,148.950253
221.0,200,149.036935
214.0,200,149.129221
202.25,200,149.216599
200.75,200,149.992243
182.75,200,150.100389
186.25,200,150.191216
191.25,200,150.279159
216.5,200,150.367129
206.25,200,150.453638
184.75,200,150.541704
199.0,200,150.628007
185.5,200,150.713682
194.75,200,150.798822
209.5,200,151.577619
204.0,200,151.678596
217.25,200,151.777636
197.5,200,151.865172
209.5,200,151.95365
178.75,200,152.040454
223.25,200,152.126656
204.25,200,152.220966
190.0,200,152.309586
208.75,200,152.395616
154.0,150,152.461091
201.75,200,153.2522
201.25,200,153.352159
191.5,200,153.444443
181.75,200,153.535679
204.5,200,153.622813
210.5,200,153.709405
117.5,116,153.758631
210.5,200,153.845698
206.25,200,153.931257
163.25,200,154.018591
199.75,200,154.104657
181.0,200,154.886106
192.5,200,154.986683
195.5,200,155.075245
183.0,200,155.163807
199.5,200,155.257938
208.5,200,155.345016
190.5,200,155.432569
146.5,153,155.499612
200.75,200,155.585178
202.75,200,155.671634
